"fold_id","eta","max_depth","min_child_weight","subsample","colsample_bytree","lambda","alpha","optimal_trees","min_RMSE"
1,0.05,3,7,0.65,1,0.5,1,179,0.0770626463599456
2,0.1,3,7,1,0.8,0,1,91,0.0771464408387753
3,0.01,5,7,0.65,0.9,1,1,778,0.0805153584342854
4,0.01,5,7,0.65,0.8,1,1,785,0.0770853741935851
5,0.01,7,7,0.8,0.8,1,1,727,0.072322251409719
