"fold_id","eta","max_depth","min_child_weight","subsample","colsample_bytree","lambda","alpha","optimal_trees","min_RMSE"
1,0.05,7,3,0.8,0.8,0,0,210,0.00129066433110904
2,0.01,5,3,0.65,0.8,0.5,0,1157,0.00143011578973634
3,0.01,5,5,0.8,1,0,0,1008,0.00129614194773218
4,0.01,7,5,0.65,0.8,1,0,953,0.00127323054298151
5,0.01,7,7,0.65,0.9,0,0,939,0.00146388425462421
