"fold_id","eta","max_depth","min_child_weight","subsample","colsample_bytree","lambda","alpha","optimal_trees","min_RMSE"
1,0.05,3,5,1,1,0,0,240,0.00128592435474415
2,0.01,5,5,0.65,0.9,1,0,1095,0.00140609038933349
3,0.01,7,3,0.8,1,0.5,0,1082,0.00129470098467294
4,0.01,5,7,0.65,0.8,0,0,925,0.00127391753918569
5,0.01,7,3,0.65,0.8,0.5,0,931,0.00147075754685921
