"fold_id","eta","max_depth","min_child_weight","subsample","colsample_bytree","lambda","alpha","optimal_trees","min_RMSE"
1,0.01,7,1,0.8,0.8,0.5,1,783,0.0739854058731032
2,0.05,1,3,1,0.8,1,0.5,280,0.0760109404054925
3,0.01,7,7,1,0.8,0,1,654,0.077097564688515
4,0.05,5,7,0.65,0.8,1,0.5,172,0.0740878971249609
5,0.01,5,7,0.8,0.9,1,0.5,674,0.0678847581042014
