"fold_id","eta","max_depth","min_child_weight","subsample","colsample_bytree","lambda","alpha","optimal_trees","min_RMSE"
1,0.01,7,5,0.65,0.8,0.5,0,1328,0.00133510258468087
2,0.01,5,3,0.65,0.8,1,0,1265,0.00146275308562104
3,0.01,5,7,0.65,0.8,0,0,1013,0.00134253630205932
4,0.01,7,7,0.8,0.9,0,0,947,0.00129957982188195
5,0.1,5,5,0.65,1,1,0,110,0.00151000212586415
