"fold_id","eta","max_depth","min_child_weight","subsample","colsample_bytree","lambda","alpha","optimal_trees","min_RMSE"
1,0.01,5,7,0.8,0.9,0,1,1077,0.075796244883793
2,0.05,5,3,0.65,0.9,0.5,1,151,0.0764278100175744
3,0.1,5,7,0.8,0.8,0.5,1,75,0.0784574748312568
4,0.01,5,7,0.65,0.8,0,1,721,0.0763295473527248
5,0.01,5,7,0.8,0.8,0,1,791,0.0706394969034193
